Country,ISO Code,Year,Population,GDP ISD,Biofuel Electricity kWh,Biofuel Share Elec %,Carbon Intensity Elec gCOâ‚‚e/kWh,Coal Electricity kWh,Coal Share Elec %,Electricity Demand kWh,Electricity Generation kWh,Electricity Share Energy %,Fossil Elec Per Capita kWh,Fossil Electricity kWh,Fossil Share Elec %,Gas Electricity kWh,Gas Share Elec %,Hydro Electricity kWh,Hydro Share Elec %,Low Carbon Elec Per Capita kWh,Low Carbon Electricity kWh,Low Carbon Share Elec %,Nuclear Electricity kWh,Nuclear Share Elec %,Oil Electricity kWh,Oil Share Elec %,Other Renewable Electricity kWh,Other Renewable Exc Biofuel Electricity kWh,Other Renewables Elec Per Capita kWh,Other Renewables Elec Per Capita Exc Biofuel kWh,Other Renewables Share Elec %,Other Renewables Share Elec Exc Biofuel %,Per Capita Electricity kWh,Renewables Elec Per Capita kWh,Renewables Electricity kWh,Renewables Share Elec %,Solar Electricity kWh,Solar Share Elec %,Wind Electricity kWh,Wind Share Elec %
Afghanistan,AFG,2022,41128772.0,53303472128.0,0.0,0.0,132.53,0.03,3.614,6.71,0.83,,3.161,0.13,15.663,0.0,0.0,0.62,74.699,17.02,0.7,84.337,0.0,0.0,0.1,12.048,0.0,0.0,0.0,0.0,0.0,0.0,20.181,17.02,0.7,84.337,0.08,9.639,0.0,0.0
Albania,ALB,2022,2842318.0,36171005952.0,0.0,0.0,24.286,0.0,0.0,7.92,7.0,,0.0,0.0,0.0,0.0,0.0,6.96,99.429,2462.779,7.0,100.0,0.0,0.0,0.0,0.0,0.0,0.0,0.0,0.0,0.0,0.0,2462.779,2462.779,7.0,100.0,0.04,0.571,0.0,0.0
Algeria,DZA,2022,44903228.0,595820019712.0,0.0,0.0,634.611,0.0,0.0,87.04,88.18,12.028,1948.635,87.5,99.229,87.12,98.798,0.01,0.011,15.144,0.68,0.771,0.0,0.0,0.38,0.431,0.0,0.0,0.0,0.0,0.0,0.0,1963.779,15.144,0.68,0.771,0.66,0.748,0.01,0.011
American Samoa,ASM,2022,44295.0,,0.0,0.0,611.111,0.0,0.0,0.18,0.18,,3837.905,0.17,94.444,0.0,0.0,0.0,0.0,225.759,0.01,5.556,0.0,0.0,0.17,94.444,0.0,0.0,0.0,0.0,0.0,0.0,4063.664,225.759,0.01,5.556,0.01,5.556,0.0,0.0
Angola,AGO,2022,35588996.0,158346248192.0,0.05,0.295,174.734,0.0,0.0,16.94,16.94,,118.857,4.23,24.97,1.67,9.858,12.64,74.616,357.133,12.71,75.03,0.0,0.0,2.56,15.112,0.05,0.0,1.405,0.0,0.295,0.0,475.99,357.133,12.71,75.03,0.02,0.118,0.0,0.0
Antigua and Barbuda,ATG,2022,93772.0,,0.0,0.0,611.111,0.0,0.0,0.36,0.36,,3625.816,0.34,94.444,0.0,0.0,0.0,0.0,213.283,0.02,5.556,0.0,0.0,0.34,94.444,0.0,0.0,0.0,0.0,0.0,0.0,3839.099,213.283,0.02,5.556,0.02,5.556,0.0,0.0
Argentina,ARG,2023,45773888.0,854914301952.0,2.33,1.519,354.103,0.6,0.391,166.1,153.43,16.524,1993.276,91.24,59.467,73.38,47.826,33.17,21.619,1358.635,62.19,40.533,8.95,5.833,17.26,11.249,2.276,,49.716,,1.483,,3351.911,1163.109,53.24,34.7,3.25,2.118,14.49,9.444
Armenia,ARM,2022,2780472.0,39721734144.0,0.0,0.0,264.538,0.0,0.0,8.01,8.77,,1370.271,3.81,43.444,3.81,43.444,2.0,22.805,1783.87,4.96,56.556,2.63,29.989,0.0,0.0,0.0,0.0,0.0,0.0,0.0,0.0,3154.141,837.987,2.33,26.568,0.33,3.763,0.0,0.0
Aruba,ABW,2022,106459.0,,0.0,0.0,561.224,0.0,0.0,0.98,0.98,,7796.429,0.83,84.694,0.0,0.0,0.0,0.0,1408.993,0.15,15.306,0.0,0.0,0.83,84.694,0.0,0.0,0.0,0.0,0.0,0.0,9205.422,1408.993,0.15,15.306,0.01,1.02,0.14,14.286
Australia,AUS,2023,26439114.0,1344251494400.0,3.36,1.222,548.692,127.52,46.389,274.89,274.89,18.057,6646.592,175.73,63.927,42.78,15.563,15.76,5.733,3750.504,99.16,36.073,0.0,0.0,5.43,1.975,3.126,,118.222,,1.137,,10397.096,3750.504,99.16,36.073,46.91,17.065,33.13,12.052
Austria,AUT,2023,8958961.0,398815395840.0,3.57,5.332,110.812,0.06,0.09,67.56,66.96,22.963,1159.733,10.39,15.517,7.17,10.708,39.79,59.424,6314.348,56.57,84.483,0.0,0.0,3.16,4.719,3.57,0.0,398.484,0.0,5.332,0.0,7474.081,6314.348,56.57,84.483,5.16,7.706,8.05,12.022
Azerbaijan,AZE,2022,10358078.0,175370551296.0,0.1,0.346,671.389,0.0,0.0,26.08,28.94,13.963,2616.315,27.1,93.642,27.01,93.331,1.6,5.529,177.639,1.84,6.358,0.0,0.0,0.09,0.311,0.1,0.0,9.654,0.0,0.346,0.0,2793.955,177.639,1.84,6.358,0.06,0.207,0.08,0.276
Bahamas,BHS,2022,409989.0,,0.0,0.0,660.099,0.0,0.0,2.03,2.03,,4951.353,2.03,100.0,0.0,0.0,0.0,0.0,0.0,0.0,0.0,0.0,0.0,2.03,100.0,0.0,0.0,0.0,0.0,0.0,0.0,4951.353,0.0,0.0,0.0,0.0,0.0,0.0,0.0
Bahrain,BHR,2022,1472237.0,58769760256.0,0.0,0.0,904.615,0.0,0.0,35.58,35.54,,24133.342,35.53,99.972,35.53,99.972,0.0,0.0,6.792,0.01,0.028,0.0,0.0,0.0,0.0,0.0,0.0,0.0,0.0,0.0,0.0,24140.135,6.792,0.01,0.028,0.01,0.028,0.0,0.0
Bangladesh,BGD,2023,172954320.0,858143916032.0,0.0,0.0,691.411,14.81,14.504,118.85,102.11,20.224,581.483,100.57,98.492,71.32,69.846,0.71,0.695,8.904,1.54,1.508,0.0,0.0,14.44,14.142,0.0,0.0,0.0,0.0,0.0,0.0,590.387,8.904,1.54,1.508,0.82,0.803,0.01,0.01
Barbados,BRB,2022,281646.0,3408005888.0,0.0,0.0,605.505,0.0,0.0,1.09,1.09,,3586.062,1.01,92.661,0.03,2.752,0.0,0.0,284.044,0.08,7.339,0.0,0.0,0.98,89.908,0.0,0.0,0.0,0.0,0.0,0.0,3870.106,284.044,0.08,7.339,0.08,7.339,0.0,0.0
Belarus,BLR,2022,9534956.0,175773810688.0,0.56,1.45,441.74,0.03,0.078,38.23,38.62,13.552,3422.145,32.63,84.49,30.71,79.518,0.39,1.01,628.215,5.99,15.51,4.68,12.118,1.89,4.894,0.56,0.0,58.731,0.0,1.45,0.0,4050.36,137.389,1.31,3.392,0.17,0.44,0.19,0.492
Belgium,BEL,2023,11686148.0,489678405632.0,3.93,4.769,138.107,0.05,0.061,83.97,82.4,15.015,1860.322,21.74,26.383,17.2,20.874,0.38,0.461,5190.761,60.66,73.617,33.42,40.558,4.49,5.449,3.93,0.0,336.296,0.0,4.769,0.0,7051.083,2330.965,27.24,33.058,7.66,9.296,15.27,18.532
Belize,BLZ,2022,405285.0,,0.16,51.613,225.806,0.0,0.0,0.59,0.31,,148.044,0.06,19.355,0.0,0.0,0.08,25.806,616.85,0.25,80.645,0.0,0.0,0.06,19.355,0.16,0.0,394.784,0.0,51.613,0.0,764.894,616.85,0.25,80.645,0.01,3.226,0.0,0.0
Benin,BEN,2022,13352864.0,33290362880.0,0.0,0.0,584.071,0.0,0.0,1.82,1.13,,83.128,1.11,98.23,0.89,78.761,0.0,0.0,1.498,0.02,1.77,0.0,0.0,0.22,19.469,0.0,0.0,0.0,0.0,0.0,0.0,84.626,1.498,0.02,1.77,0.02,1.77,0.0,0.0
Bermuda,BMU,2022,64207.0,,0.01,1.587,650.794,0.0,0.0,0.63,0.63,,9656.268,0.62,98.413,0.0,0.0,0.0,0.0,155.746,0.01,1.587,0.0,0.0,0.62,98.413,0.01,0.0,155.746,0.0,1.587,0.0,9812.015,155.746,0.01,1.587,0.0,0.0,0.0,0.0
Bhutan,BTN,2022,782457.0,,0.0,0.0,23.333,0.0,0.0,9.83,9.0,,0.0,0.0,0.0,0.0,0.0,9.0,100.0,11502.229,9.0,100.0,0.0,0.0,0.0,0.0,0.0,0.0,0.0,0.0,0.0,0.0,11502.229,11502.229,9.0,100.0,0.0,0.0,0.0,0.0
Bolivia,BOL,2023,12388575.0,78165311488.0,0.37,3.045,531.687,0.0,0.0,12.15,12.15,,698.224,8.65,71.193,8.44,69.465,2.31,19.012,282.518,3.5,28.807,0.0,0.0,0.21,1.728,0.37,0.0,29.866,0.0,3.045,0.0,980.742,282.518,3.5,28.807,0.35,2.881,0.47,3.868
Bosnia and Herzegovina,BIH,2023,3210855.0,47069138944.0,0.04,0.237,600.0,9.99,59.112,12.51,16.9,,3120.664,10.02,59.29,0.0,0.0,6.37,37.692,2142.731,6.88,40.71,0.0,0.0,0.03,0.178,0.04,0.0,12.458,0.0,0.237,0.0,5263.396,2142.731,6.88,40.71,0.21,1.243,0.26,1.538
Botswana,BWA,2022,2630300.0,39293968384.0,0.0,0.0,847.909,2.52,95.817,4.29,2.63,,996.084,2.62,99.62,0.0,0.0,0.0,0.0,3.802,0.01,0.38,0.0,0.0,0.1,3.802,0.0,0.0,0.0,0.0,0.0,0.0,999.886,3.802,0.01,0.38,0.01,0.38,0.0,0.0
Brazil,BRA,2023,216422448.0,3187413090304.0,53.72,7.532,98.348,17.19,2.41,726.09,713.18,25.553,305.929,66.21,9.284,38.16,5.351,431.28,60.473,2989.385,646.97,90.716,14.51,2.035,10.86,1.523,55.833,,257.98,,7.829,,3295.314,2922.34,632.46,88.682,51.72,7.252,95.74,13.424
British Virgin Islands,VGB,2022,31332.0,,0.0,0.0,647.059,0.0,0.0,0.17,0.17,,5425.763,0.17,100.0,0.0,0.0,0.0,0.0,0.0,0.0,0.0,0.0,0.0,0.17,100.0,0.0,0.0,0.0,0.0,0.0,0.0,5425.763,0.0,0.0,0.0,0.0,0.0,0.0,0.0
Brunei,BRN,2022,449002.0,,0.0,0.0,893.913,1.22,21.217,5.75,5.75,,12806.18,5.75,100.0,4.49,78.087,0.0,0.0,0.0,0.0,0.0,0.0,0.0,0.04,0.696,0.0,0.0,0.0,0.0,0.0,0.0,12806.18,0.0,0.0,0.0,0.0,0.0,0.0,0.0
Bulgaria,BGR,2023,6687716.0,138390159360.0,2.18,5.451,335.334,11.56,28.907,36.66,39.99,25.265,2014.141,13.47,33.683,1.56,3.901,3.11,7.777,3965.479,26.52,66.317,16.16,40.41,0.35,0.875,2.18,0.0,325.971,0.0,5.451,0.0,5979.62,1549.109,10.36,25.906,3.52,8.802,1.55,3.876
Burkina Faso,BFA,2022,22673764.0,37320441856.0,0.0,0.0,467.533,0.0,0.0,2.32,0.77,,23.375,0.53,68.831,0.0,0.0,0.12,15.584,10.585,0.24,31.169,0.0,0.0,0.53,68.831,0.0,0.0,0.0,0.0,0.0,0.0,33.96,10.585,0.24,31.169,0.12,15.584,0.0,0.0
Burundi,BDI,2022,12889583.0,9177076736.0,0.01,2.778,250.0,0.0,0.0,0.46,0.36,,9.31,0.12,33.333,0.0,0.0,0.22,61.111,18.62,0.24,66.667,0.0,0.0,0.12,33.333,0.01,0.0,0.776,0.0,2.778,0.0,27.93,18.62,0.24,66.667,0.01,2.778,0.0,0.0
Cambodia,KHM,2022,16767851.0,65136594944.0,0.08,0.908,417.707,3.84,43.587,12.38,8.81,,258.829,4.34,49.262,0.0,0.0,4.0,45.403,266.582,4.47,50.738,0.0,0.0,0.5,5.675,0.08,0.0,4.771,0.0,0.908,0.0,525.41,266.582,4.47,50.738,0.39,4.427,0.0,0.0
Cameroon,CMR,2022,27914542.0,82727796736.0,0.04,0.493,305.419,0.0,0.0,8.12,8.12,,109.62,3.06,37.685,2.38,29.31,5.0,61.576,181.268,5.06,62.315,0.0,0.0,0.68,8.374,0.04,0.0,1.433,0.0,0.493,0.0,290.888,181.268,5.06,62.315,0.02,0.246,0.0,0.0
Canada,CAN,2023,38781288.0,1761295597568.0,8.92,1.405,170.043,32.33,5.092,607.38,634.9,20.738,3251.568,126.1,19.861,91.16,14.358,365.39,57.551,13119.729,508.8,80.139,88.91,14.004,2.61,0.411,10.384,,267.77,,1.636,,16371.299,10827.129,419.89,66.135,7.48,1.178,38.1,6.001
Cape Verde,CPV,2022,593162.0,4251154688.0,0.0,0.0,558.14,0.0,0.0,0.43,0.43,,606.917,0.36,83.721,0.0,0.0,0.0,0.0,118.012,0.07,16.279,0.0,0.0,0.36,83.721,0.0,0.0,0.0,0.0,0.0,0.0,724.928,118.012,0.07,16.279,0.01,2.326,0.06,13.953
Cayman Islands,CYM,2022,68722.0,,0.0,0.0,642.857,0.0,0.0,0.7,0.7,,9894.939,0.68,97.143,0.0,0.0,0.0,0.0,291.028,0.02,2.857,0.0,0.0,0.68,97.143,0.0,0.0,0.0,0.0,0.0,0.0,10185.967,291.028,0.02,2.857,0.02,2.857,0.0,0.0
Central African Republic,CAF,2022,5579148.0,3752056576.0,0.0,0.0,0.0,0.0,0.0,0.15,0.15,,0.0,0.0,0.0,0.0,0.0,0.15,100.0,26.886,0.15,100.0,0.0,0.0,0.0,0.0,0.0,0.0,0.0,0.0,0.0,0.0,26.886,26.886,0.15,100.0,0.0,0.0,0.0,0.0
Chad,TCD,2022,17723312.0,24118011904.0,0.01,2.857,628.571,0.0,0.0,0.35,0.35,,18.62,0.33,94.286,0.0,0.0,0.0,0.0,1.128,0.02,5.714,0.0,0.0,0.33,94.286,0.01,0.0,0.564,0.0,2.857,0.0,19.748,1.128,0.02,5.714,0.0,0.0,0.01,2.857
Chile,CHL,2023,19629588.0,448338100224.0,,,291.113,13.96,16.697,83.61,83.61,20.85,1668.909,32.76,39.182,15.49,18.526,23.9,28.585,2590.477,50.85,60.818,0.0,0.0,3.31,3.959,6.027,0.42,307.037,21.396,7.208,0.502,4259.386,2590.477,50.85,60.818,16.65,19.914,9.88,11.817
China,CHN,2023,1425671296.0,26966017179648.0,187.05,1.977,582.317,5741.51,60.695,9445.28,9459.59,22.499,4294.56,6122.63,64.724,307.6,3.252,1245.17,13.163,2340.624,3336.96,35.276,434.72,4.596,73.52,0.777,198.125,,138.97,,2.094,,6635.183,2035.701,2902.24,30.68,584.15,6.175,885.87,9.365
Colombia,COL,2023,52085168.0,742716997632.0,2.18,2.513,259.511,8.51,9.811,87.17,86.74,16.835,558.124,29.07,33.514,17.6,20.291,54.24,62.532,1107.225,57.67,66.486,0.0,0.0,2.96,3.412,2.18,0.0,41.855,0.0,2.513,0.0,1665.349,1107.225,57.67,66.486,1.04,1.199,0.21,0.242
Comoros,COM,2022,836783.0,1682077056.0,0.0,0.0,642.857,0.0,0.0,0.14,0.14,,167.307,0.14,100.0,0.0,0.0,0.0,0.0,0.0,0.0,0.0,0.0,0.0,0.14,100.0,0.0,0.0,0.0,0.0,0.0,0.0,167.307,0.0,0.0,0.0,0.0,0.0,0.0,0.0
Congo,COG,2022,5970430.0,23679010816.0,0.0,0.0,700.0,0.0,0.0,4.0,4.0,,519.226,3.1,77.5,2.9,72.5,0.9,22.5,150.743,0.9,22.5,0.0,0.0,0.2,5.0,0.0,0.0,0.0,0.0,0.0,0.0,669.969,150.743,0.9,22.5,0.0,0.0,0.0,0.0
Cook Islands,COK,2022,17032.0,,0.0,0.0,250.0,0.0,0.0,0.04,0.04,,1174.26,0.02,50.0,0.0,0.0,0.0,0.0,1174.26,0.02,50.0,0.0,0.0,0.02,50.0,0.0,0.0,0.0,0.0,0.0,0.0,2348.521,1174.26,0.02,50.0,0.02,50.0,0.0,0.0
Costa Rica,CRI,2023,5212178.0,80345899008.0,0.17,1.418,53.378,0.0,0.0,12.32,11.99,,97.848,0.51,4.254,0.0,0.0,8.45,70.475,2202.534,11.48,95.746,0.0,0.0,0.51,4.254,1.49,1.32,285.869,253.253,12.427,11.009,2300.382,2202.534,11.48,95.746,0.07,0.584,1.47,12.26
Cote d'Ivoire,CIV,2022,28160548.0,121472000000.0,0.08,0.719,393.885,0.0,0.0,10.52,11.12,,272.367,7.67,68.975,7.65,68.795,3.35,30.126,122.512,3.45,31.025,0.0,0.0,0.02,0.18,0.08,0.0,2.841,0.0,0.719,0.0,394.879,122.512,3.45,31.025,0.02,0.18,0.0,0.0
Croatia,HRV,2023,4008615.0,102284648448.0,1.1,6.497,204.962,1.35,7.974,18.86,16.93,20.861,1309.679,5.25,31.01,3.73,22.032,7.87,46.486,2913.725,11.68,68.99,0.0,0.0,0.17,1.004,1.1,0.0,274.409,0.0,6.497,0.0,4223.404,2913.725,11.68,68.99,0.19,1.122,2.52,14.885
Cuba,CUB,2022,11212198.0,84154974208.0,0.44,2.412,637.61,0.0,0.0,18.24,18.24,,1550.989,17.39,95.34,1.61,8.827,0.12,0.658,75.81,0.85,4.66,0.0,0.0,15.78,86.513,0.44,0.0,39.243,0.0,2.412,0.0,1626.8,75.81,0.85,4.66,0.27,1.48,0.02,0.11
Cyprus,CYP,2023,1260144.0,34255009792.0,0.06,1.113,534.323,0.0,0.0,5.39,5.39,17.764,3412.309,4.3,79.777,0.0,0.0,0.0,0.0,864.981,1.09,20.223,0.0,0.0,4.3,79.777,0.06,0.0,47.614,0.0,1.113,0.0,4277.289,864.981,1.09,20.223,0.82,15.213,0.21,3.896
Czechia,CZE,2023,10495297.0,342966829056.0,5.22,6.852,449.724,30.63,40.207,67.77,76.18,21.207,3282.423,34.45,45.222,2.37,3.111,2.34,3.072,3976.066,41.73,54.778,30.4,39.905,1.45,1.903,5.22,0.0,497.366,0.0,6.852,0.0,7258.489,1079.531,11.33,14.873,3.05,4.004,0.72,0.945
Democratic Republic of Congo,COD,2022,99010216.0,91314987008.0,0.03,0.272,24.457,0.0,0.0,12.45,11.04,,0.0,0.0,0.0,0.0,0.0,11.0,99.638,111.504,11.04,100.0,0.0,0.0,0.0,0.0,0.03,0.0,0.303,0.0,0.272,0.0,111.504,111.504,11.04,100.0,0.01,0.091,0.0,0.0
Denmark,DNK,2023,5910911.0,299429003264.0,6.92,20.577,151.65,2.67,7.939,36.48,33.63,23.326,705.475,4.17,12.4,0.85,2.528,0.01,0.03,4984.003,29.46,87.6,0.0,0.0,0.65,1.933,6.92,0.0,1170.716,0.0,20.577,0.0,5689.479,4984.003,29.46,87.6,3.12,9.277,19.41,57.716
Djibouti,DJI,2022,1120851.0,3395681536.0,0.0,0.0,692.308,0.0,0.0,0.64,0.13,,115.983,0.13,100.0,0.0,0.0,0.0,0.0,0.0,0.0,0.0,0.0,0.0,0.13,100.0,0.0,0.0,0.0,0.0,0.0,0.0,115.983,0.0,0.0,0.0,0.0,0.0,0.0,0.0
Dominica,DMA,2022,72758.0,675097984.0,0.0,0.0,529.412,0.0,0.0,0.17,0.17,,1786.745,0.13,76.471,0.0,0.0,0.04,23.529,549.768,0.04,23.529,0.0,0.0,0.13,76.471,0.0,0.0,0.0,0.0,0.0,0.0,2336.513,549.768,0.04,23.529,0.0,0.0,0.0,0.0
Dominican Republic,DOM,2022,11228821.0,191182372864.0,0.18,0.836,580.78,6.04,28.041,21.54,21.54,,1645.765,18.48,85.794,8.09,37.558,1.0,4.643,272.513,3.06,14.206,0.0,0.0,4.35,20.195,0.18,0.0,16.03,0.0,0.836,0.0,1918.278,272.513,3.06,14.206,0.56,2.6,1.32,6.128
East Timor,TLS,2022,1341298.0,,0.0,0.0,666.667,0.0,0.0,0.51,0.51,,380.229,0.51,100.0,0.0,0.0,0.0,0.0,0.0,0.0,0.0,0.0,0.0,0.51,100.0,0.0,0.0,0.0,0.0,0.0,0.0,380.229,0.0,0.0,0.0,0.0,0.0,0.0,0.0
Ecuador,ECU,2023,18190492.0,175028879360.0,0.43,1.282,150.224,0.0,0.0,33.74,33.55,17.312,353.481,6.43,19.165,0.84,2.504,26.58,79.225,1490.889,27.12,80.835,0.0,0.0,5.59,16.662,0.43,0.0,23.639,0.0,1.282,0.0,1844.37,1490.889,27.12,80.835,0.04,0.119,0.07,0.209
Egypt,EGY,2023,112716600.0,1460427423744.0,0.0,0.0,570.306,0.0,0.0,199.55,200.98,19.086,1572.883,177.29,88.213,168.54,83.859,13.88,6.906,210.173,23.69,11.787,0.0,0.0,8.75,4.354,0.0,,0.0,,0.0,,1783.056,210.173,23.69,11.787,4.67,2.324,5.14,2.557
El Salvador,SLV,2023,6364946.0,59270934528.0,1.04,14.404,271.468,0.0,0.0,7.9,7.22,,414.772,2.64,36.565,1.6,22.161,0.88,12.188,719.566,4.58,63.435,0.0,0.0,1.04,14.404,2.59,1.55,406.916,243.521,35.873,21.468,1134.338,719.566,4.58,63.435,1.11,15.374,0.0,0.0
Equatorial Guinea,GNQ,2022,1674916.0,20191379456.0,0.0,0.0,591.837,0.0,0.0,1.47,1.47,,591.074,0.99,67.347,0.98,66.667,0.48,32.653,286.582,0.48,32.653,0.0,0.0,0.01,0.68,0.0,0.0,0.0,0.0,0.0,0.0,877.656,286.582,0.48,32.653,0.0,0.0,0.0,0.0
Eritrea,ERI,2022,3684041.0,,0.0,0.0,631.579,0.0,0.0,0.38,0.38,,100.433,0.37,97.368,0.0,0.0,0.0,0.0,2.714,0.01,2.632,0.0,0.0,0.37,97.368,0.0,0.0,0.0,0.0,0.0,0.0,103.148,2.714,0.01,2.632,0.01,2.632,0.0,0.0
Estonia,EST,2023,1322764.0,39999856640.0,1.33,20.525,416.667,0.0,0.0,9.83,6.48,12.943,2729.134,3.61,55.71,0.05,0.772,0.02,0.309,2169.699,2.87,44.29,0.0,0.0,3.56,54.938,1.33,0.0,1005.47,0.0,20.525,0.0,4898.833,2169.699,2.87,44.29,0.77,11.883,0.75,11.574
Eswatini,SWZ,2022,1201680.0,9594910720.0,0.24,41.379,172.414,0.04,6.897,1.49,0.58,,33.287,0.04,6.897,0.0,0.0,0.3,51.724,449.371,0.54,93.103,0.0,0.0,0.0,0.0,0.24,0.0,199.72,0.0,41.379,0.0,482.658,449.371,0.54,93.103,0.0,0.0,0.0,0.0
Ethiopia,ETH,2022,123379928.0,269977223168.0,0.03,0.195,24.643,0.0,0.0,13.76,15.42,,0.081,0.01,0.065,0.0,0.0,14.75,95.655,124.899,15.41,99.935,0.0,0.0,0.01,0.065,0.03,0.0,0.243,0.0,0.195,0.0,124.98,124.899,15.41,99.935,0.04,0.259,0.59,3.826
Falkland Islands,FLK,2022,3801.0,,0.0,0.0,500.0,0.0,0.0,0.02,0.02,,2630.887,0.01,50.0,0.0,0.0,0.0,0.0,2630.887,0.01,50.0,0.0,0.0,0.01,50.0,0.0,0.0,0.0,0.0,0.0,0.0,5261.773,2630.887,0.01,50.0,0.0,0.0,0.01,50.0
Faroe Islands,FRO,2022,53117.0,,0.0,0.0,404.762,0.0,0.0,0.42,0.42,,4894.854,0.26,61.905,0.0,0.0,0.11,26.19,3012.218,0.16,38.095,0.0,0.0,0.26,61.905,0.0,0.0,0.0,0.0,0.0,0.0,7907.073,3012.218,0.16,38.095,0.0,0.0,0.05,11.905
Fiji,FJI,2022,929769.0,,0.04,3.846,288.462,0.0,0.0,1.04,1.04,,451.725,0.42,40.385,0.0,0.0,0.57,54.808,666.832,0.62,59.615,0.0,0.0,0.42,40.385,0.04,0.0,43.021,0.0,3.846,0.0,1118.557,666.832,0.62,59.615,0.01,0.962,0.0,0.0
Finland,FIN,2023,5545476.0,226154840064.0,11.07,13.865,79.158,1.58,1.979,81.75,79.84,38.585,804.259,4.46,5.586,0.53,0.664,15.11,18.925,13593.062,75.38,94.414,33.92,42.485,2.35,2.943,11.07,0.0,1996.222,0.0,13.865,0.0,14397.32,7476.364,41.46,51.929,0.65,0.814,14.63,18.324
France,FRA,2023,64756584.0,2671568748544.0,9.5,1.848,56.039,2.16,0.42,464.18,514.11,30.868,668.658,43.3,8.422,31.43,6.113,53.19,10.346,7270.458,470.81,91.578,335.65,65.288,9.71,1.889,10.1,0.6,155.969,9.265,1.965,0.117,7939.115,2087.201,135.16,26.29,23.26,4.524,48.61,9.455
French Guiana,GUF,2021,297462.0,,0.05,4.95,217.822,,,1.01,1.01,,1042.15,0.31,30.693,,,0.59,58.416,2353.242,0.7,69.307,,,0.31,30.693,,,,,,,3395.392,2353.242,0.7,69.307,0.06,5.941,,
French Polynesia,PYF,2022,306292.0,,0.0,0.0,442.857,0.0,0.0,0.7,0.7,,1534.483,0.47,67.143,0.0,0.0,0.18,25.714,750.917,0.23,32.857,0.0,0.0,0.47,67.143,0.0,0.0,0.0,0.0,0.0,0.0,2285.401,750.917,0.23,32.857,0.05,7.143,0.0,0.0
Gabon,GAB,2022,2388997.0,36035293184.0,0.01,0.42,491.597,0.0,0.0,2.92,2.38,,577.648,1.38,57.983,1.14,47.899,0.99,41.597,418.586,1.0,42.017,0.0,0.0,0.24,10.084,0.01,0.0,4.186,0.0,0.42,0.0,996.234,418.586,1.0,42.017,0.0,0.0,0.0,0.0
Gambia,GMB,2022,2705995.0,4656793600.0,0.0,0.0,666.667,0.0,0.0,0.51,0.51,,188.47,0.51,100.0,0.0,0.0,0.0,0.0,0.0,0.0,0.0,0.0,0.0,0.51,100.0,0.0,0.0,0.0,0.0,0.0,0.0,188.47,0.0,0.0,0.0,0.0,0.0,0.0,0.0
Georgia,GEO,2023,3728278.0,70528606208.0,0.0,0.0,167.594,0.0,0.0,13.69,14.38,,922.678,3.44,23.922,3.44,23.922,10.85,75.452,2934.33,10.94,76.078,0.0,0.0,0.0,0.0,0.0,0.0,0.0,0.0,0.0,0.0,3857.009,2934.33,10.94,76.078,0.0,0.0,0.09,0.626
Germany,DEU,2023,83294632.0,3909612732416.0,46.02,9.117,380.95,135.35,26.813,513.71,504.79,18.78,2779.051,231.48,45.857,76.0,15.056,19.48,3.859,3281.244,273.31,54.143,8.75,1.733,20.13,3.988,46.23,0.21,555.018,2.521,9.158,0.042,6060.295,3176.195,264.56,52.41,61.56,12.195,137.29,27.197
Ghana,GHA,2022,33475870.0,145431871488.0,0.02,0.089,484.0,0.0,0.0,20.76,22.5,,443.603,14.85,66.0,14.23,63.244,7.5,33.333,228.523,7.65,34.0,0.0,0.0,0.62,2.756,0.02,0.0,0.597,0.0,0.089,0.0,672.126,228.523,7.65,34.0,0.13,0.578,0.0,0.0
Gibraltar,GIB,2022,32677.0,,0.0,0.0,600.0,0.0,0.0,0.25,0.25,,7650.641,0.25,100.0,0.25,100.0,0.0,0.0,0.0,0.0,0.0,0.0,0.0,0.0,0.0,0.0,0.0,0.0,0.0,0.0,0.0,7650.641,0.0,0.0,0.0,0.0,0.0,0.0,0.0
Greece,GRC,2023,10341276.0,263892680704.0,0.57,1.154,336.574,4.72,9.559,54.34,49.38,18.513,2382.685,24.64,49.899,15.65,31.693,3.87,7.837,2392.355,24.74,50.101,0.0,0.0,4.27,8.647,0.57,0.0,55.119,0.0,1.154,0.0,4775.04,2392.355,24.74,50.101,9.39,19.016,10.91,22.094
Greenland,GRL,2022,56494.0,,0.0,0.0,178.571,0.0,0.0,0.56,0.56,,2301.129,0.13,23.214,0.0,0.0,0.43,76.786,7611.428,0.43,76.786,0.0,0.0,0.13,23.214,0.0,0.0,0.0,0.0,0.0,0.0,9912.557,7611.428,0.43,76.786,0.0,0.0,0.0,0.0
Grenada,GRD,2022,125459.0,,0.0,0.0,640.0,0.0,0.0,0.25,0.25,,1912.976,0.24,96.0,0.0,0.0,0.0,0.0,79.707,0.01,4.0,0.0,0.0,0.24,96.0,0.0,0.0,0.0,0.0,0.0,0.0,1992.683,79.707,0.01,4.0,0.01,4.0,0.0,0.0
Guadeloupe,GLP,2021,396057.0,,0.25,15.06,500.0,0.23,13.855,1.66,1.66,,2777.378,1.1,66.265,,,0.01,0.602,1413.938,0.56,33.735,,,0.87,52.41,0.33,0.08,833.213,201.991,19.88,4.819,4191.316,1413.938,0.56,33.735,0.11,6.627,0.11,6.627
Guam,GUM,2022,171783.0,,0.0,0.0,622.857,0.0,0.0,1.75,1.75,,9663.354,1.66,94.857,0.0,0.0,0.0,0.0,523.917,0.09,5.143,0.0,0.0,1.66,94.857,0.0,0.0,0.0,0.0,0.0,0.0,10187.271,523.917,0.09,5.143,0.09,5.143,0.0,0.0
Guatemala,GTM,2022,17843914.0,146224644096.0,2.89,21.96,328.268,3.48,26.444,13.19,13.16,,239.858,4.28,32.523,0.01,0.076,5.08,38.602,497.649,8.88,67.477,0.0,0.0,0.79,6.003,3.22,0.33,180.454,18.494,24.468,2.508,737.506,497.649,8.88,67.477,0.24,1.824,0.34,2.584
Guinea,GIN,2022,13859349.0,23678257152.0,0.0,0.0,236.842,0.0,0.0,3.04,3.04,,73.597,1.02,33.553,0.0,0.0,2.0,65.789,145.75,2.02,66.447,0.0,0.0,1.02,33.553,0.0,0.0,0.0,0.0,0.0,0.0,219.347,145.75,2.02,66.447,0.02,0.658,0.0,0.0
Guinea-Bissau,GNB,2022,2105580.0,3259313920.0,0.0,0.0,625.0,0.0,0.0,0.08,0.08,,37.994,0.08,100.0,0.0,0.0,0.0,0.0,0.0,0.0,0.0,0.0,0.0,0.08,100.0,0.0,0.0,0.0,0.0,0.0,0.0,37.994,0.0,0.0,0.0,0.0,0.0,0.0,0.0
Guyana,GUY,2022,808727.0,,0.01,0.877,640.351,0.0,0.0,1.14,1.14,,1384.893,1.12,98.246,0.02,1.754,0.0,0.0,24.73,0.02,1.754,0.0,0.0,1.1,96.491,0.01,0.0,12.365,0.0,0.877,0.0,1409.623,24.73,0.02,1.754,0.01,0.877,0.0,0.0
Haiti,HTI,2022,11585003.0,17550917632.0,0.0,0.0,567.308,0.0,0.0,1.04,1.04,,77.687,0.9,86.538,0.0,0.0,0.14,13.462,12.085,0.14,13.462,0.0,0.0,0.9,86.538,0.0,0.0,0.0,0.0,0.0,0.0,89.771,12.085,0.14,13.462,0.0,0.0,0.0,0.0
Honduras,HND,2022,10432858.0,49738256384.0,1.25,10.408,282.265,0.07,0.583,12.22,12.01,,425.578,4.44,36.969,0.0,0.0,4.0,33.306,725.592,7.57,63.031,0.0,0.0,4.37,36.386,1.61,0.36,154.32,34.506,13.405,2.998,1151.171,725.592,7.57,63.031,1.19,9.908,0.77,6.411
Hong Kong,HKG,2022,7488863.0,356690493440.0,0.14,0.39,699.499,14.03,39.037,48.51,35.94,16.583,4768.414,35.71,99.36,21.48,59.766,0.0,0.0,30.712,0.23,0.64,0.0,0.0,0.2,0.556,0.14,0.0,18.694,0.0,0.39,0.0,4799.126,30.712,0.23,0.64,0.09,0.25,0.0,0.0
Hungary,HUN,2023,10156241.0,285385228288.0,1.75,4.888,204.19,2.78,7.765,46.9,35.8,16.704,1051.57,10.68,29.832,7.55,21.089,0.22,0.615,2473.356,25.12,70.168,15.92,44.469,0.35,0.978,1.75,0.0,172.308,0.0,4.888,0.0,3524.926,905.847,9.2,25.698,6.6,18.436,0.63,1.76
Iceland,ISL,2022,372903.0,16019539968.0,0.0,0.0,27.68,0.0,0.0,19.87,19.87,62.526,0.0,0.0,0.0,0.0,0.0,13.94,70.156,53284.637,19.87,100.0,0.0,0.0,0.0,0.0,5.92,5.92,15875.442,15875.442,29.794,29.794,53284.637,53284.637,19.87,100.0,0.0,0.0,0.01,0.05
India,IND,2023,1428627712.0,10476248367104.0,39.31,1.998,713.441,1480.46,75.23,1956.97,1967.9,19.416,1074.948,1535.7,78.037,51.28,2.606,149.19,7.581,302.528,432.2,21.962,48.19,2.449,3.96,0.201,37.282,,26.096,,1.894,,1377.476,268.796,384.01,19.514,113.41,5.763,82.1,4.172
Indonesia,IDN,2022,275501344.0,3500093472768.0,20.62,6.182,675.931,205.31,61.555,334.51,333.54,12.464,973.244,268.13,80.389,56.71,17.002,27.3,8.185,237.422,65.41,19.611,0.0,0.0,6.11,1.832,37.31,16.69,135.426,60.58,11.186,5.004,1210.666,237.422,65.41,19.611,0.44,0.132,0.36,0.108
Iran,IRN,2023,89172768.0,1572209033216.0,0.02,0.006,655.125,0.75,0.207,355.61,363.03,10.454,3818.543,340.51,93.797,314.43,86.613,13.95,3.843,252.543,22.52,6.203,6.57,1.81,25.33,6.977,0.028,,0.316,,0.008,,4071.086,178.866,15.95,4.394,0.73,0.201,1.25,0.344
Iraq,IRQ,2022,44496124.0,527639314432.0,0.0,0.0,688.814,0.0,0.0,119.12,115.59,17.558,2536.85,112.88,97.656,79.29,68.596,2.65,2.293,60.904,2.71,2.344,0.0,0.0,33.59,29.06,0.0,0.0,0.0,0.0,0.0,0.0,2597.754,60.904,2.71,2.344,0.06,0.052,0.0,0.0
Ireland,IRL,2023,5056931.0,308390920192.0,1.01,3.213,290.805,1.14,3.627,34.64,31.43,19.906,3500.146,17.7,56.316,15.71,49.984,0.94,2.991,2715.085,13.73,43.684,0.0,0.0,0.85,2.704,1.01,0.0,199.726,0.0,3.213,0.0,6215.232,2715.085,13.73,43.684,0.54,1.718,11.24,35.762
Israel,ISR,2022,9038313.0,336722558976.0,0.0,0.0,582.927,16.74,22.052,68.99,75.91,25.35,7563.358,68.36,90.054,51.3,67.58,0.02,0.026,835.333,7.55,9.946,0.0,0.0,0.32,0.422,0.0,0.0,0.0,0.0,0.0,0.0,8398.691,835.333,7.55,9.946,7.35,9.683,0.18,0.237
Italy,ITA,2023,58870764.0,2136009342976.0,16.61,6.326,330.718,13.9,5.294,313.9,262.58,17.96,2510.244,147.78,56.28,118.34,45.068,37.94,14.449,1950.034,114.8,43.72,0.0,0.0,15.54,5.918,22.34,5.73,379.475,97.332,8.508,2.182,4460.278,1950.034,114.8,43.72,31.01,11.81,23.51,8.953
Jamaica,JAM,2022,2827382.0,20019224576.0,0.06,1.307,555.556,0.0,0.0,4.59,4.59,,1404.126,3.97,86.492,2.68,58.388,0.14,3.05,219.284,0.62,13.508,0.0,0.0,1.29,28.105,0.06,0.0,21.221,0.0,1.307,0.0,1623.41,219.284,0.62,13.508,0.14,3.05,0.28,6.1
Japan,JPN,2023,123294512.0,4774494732288.0,49.24,4.858,485.392,327.42,32.306,1013.51,1013.51,23.262,5633.26,694.55,68.529,332.88,32.844,73.79,7.281,2586.976,318.96,31.471,77.44,7.641,34.25,3.379,42.045,,341.015,,4.148,,8220.236,1958.887,241.52,23.83,109.36,10.79,9.13,0.901
Jordan,JOR,2022,11285875.0,99281829888.0,0.0,0.0,540.924,0.0,0.0,22.08,21.87,,1494.789,16.87,77.138,15.91,72.748,0.02,0.091,443.032,5.0,22.862,0.0,0.0,0.96,4.39,0.0,0.0,0.0,0.0,0.0,0.0,1937.821,443.032,5.0,22.862,3.37,15.409,1.61,7.362
Kazakhstan,KAZ,2023,19606640.0,503634067456.0,0.0,0.0,821.391,75.91,66.658,113.06,113.88,14.143,5067.161,99.35,87.241,23.37,20.522,8.77,7.701,741.075,14.53,12.759,0.0,0.0,0.07,0.061,0.005,,0.23,,0.004,,5808.236,741.075,14.53,12.759,1.83,1.607,3.93,3.451
Kenya,KEN,2023,55100588.0,190362157056.0,0.24,1.967,70.492,0.0,0.0,12.99,12.2,,13.248,0.73,5.984,0.0,0.0,2.7,22.131,208.165,11.47,94.016,0.0,0.0,0.73,5.984,6.28,6.04,113.973,109.618,51.475,49.508,221.413,208.165,11.47,94.016,0.49,4.016,2.0,16.393
Kiribati,KIR,2022,131237.0,,0.0,0.0,666.667,0.0,0.0,0.03,0.03,,228.594,0.03,100.0,0.0,0.0,0.0,0.0,0.0,0.0,0.0,0.0,0.0,0.03,100.0,0.0,0.0,0.0,0.0,0.0,0.0,228.594,0.0,0.0,0.0,0.0,0.0,0.0,0.0
Kuwait,KWT,2023,4310107.0,218961231872.0,0.0,0.0,649.163,0.0,0.0,90.84,90.84,20.745,21029.641,90.64,99.78,50.85,55.978,0.0,0.0,46.403,0.2,0.22,0.0,0.0,39.79,43.802,0.0,0.0,0.0,0.0,0.0,0.0,21076.043,46.403,0.2,0.22,0.17,0.187,0.03,0.033
Kyrgyzstan,KGZ,2022,6630621.0,31703001088.0,0.0,0.0,147.292,1.76,12.708,16.2,13.85,,294.09,1.95,14.079,0.15,1.083,11.9,85.921,1794.704,11.9,85.921,0.0,0.0,0.04,0.289,0.0,0.0,0.0,0.0,0.0,0.0,2088.794,1794.704,11.9,85.921,0.0,0.0,0.0,0.0
Laos,LAO,2022,7529477.0,54953902080.0,0.08,0.174,265.506,12.41,27.008,12.2,45.95,,1648.189,12.41,27.008,0.0,0.0,33.4,72.688,4454.493,33.54,72.992,0.0,0.0,0.0,0.0,0.08,0.0,10.625,0.0,0.174,0.0,6102.682,4454.493,33.54,72.992,0.06,0.131,0.0,0.0
Latvia,LVA,2023,1830214.0,51248480256.0,0.69,11.04,123.2,0.0,0.0,7.03,6.25,19.325,797.721,1.46,23.36,1.46,23.36,3.8,60.8,2617.18,4.79,76.64,0.0,0.0,0.0,0.0,0.69,0.0,377.005,0.0,11.04,0.0,3414.901,2617.18,4.79,76.64,0.04,0.64,0.26,4.16
Lebanon,LBN,2022,5489744.0,48741707776.0,0.03,0.299,599.005,0.0,0.0,10.5,10.05,,1657.637,9.1,90.547,0.0,0.0,0.61,6.07,173.05,0.95,9.453,0.0,0.0,9.1,90.547,0.03,0.0,5.465,0.0,0.299,0.0,1830.686,173.05,0.95,9.453,0.3,2.985,0.01,0.1
Lesotho,LSO,2022,2305826.0,4761723392.0,0.0,0.0,20.0,0.0,0.0,0.93,0.5,,0.0,0.0,0.0,0.0,0.0,0.5,100.0,216.842,0.5,100.0,0.0,0.0,0.0,0.0,0.0,0.0,0.0,0.0,0.0,0.0,216.842,216.842,0.5,100.0,0.0,0.0,0.0,0.0
Liberia,LBR,2022,5302690.0,4231560960.0,0.0,0.0,227.848,0.0,0.0,0.79,0.79,,49.032,0.26,32.911,0.0,0.0,0.53,67.089,99.949,0.53,67.089,0.0,0.0,0.26,32.911,0.0,0.0,0.0,0.0,0.0,0.0,148.981,99.949,0.53,67.089,0.0,0.0,0.0,0.0
Libya,LBY,2022,6812344.0,91444477952.0,0.0,0.0,818.692,0.0,0.0,31.13,30.28,,4443.405,30.27,99.967,21.48,70.938,0.0,0.0,1.468,0.01,0.033,0.0,0.0,8.79,29.029,0.0,0.0,0.0,0.0,0.0,0.0,4444.873,1.468,0.01,0.033,0.01,0.033,0.0,0.0
Lithuania,LTU,2023,2718352.0,84814258176.0,0.61,10.971,160.072,0.0,0.0,12.74,5.56,9.203,481.91,1.31,23.561,0.63,11.331,0.46,8.273,1563.447,4.25,76.439,0.0,0.0,0.68,12.23,0.61,0.0,224.401,0.0,10.971,0.0,2045.357,1563.447,4.25,76.439,0.65,11.691,2.53,45.504
Luxembourg,LUX,2023,654771.0,36128358400.0,0.21,18.421,105.263,0.0,0.0,6.33,1.14,3.192,137.453,0.09,7.895,0.03,2.632,0.07,6.14,1603.614,1.05,92.105,0.0,0.0,0.06,5.263,0.21,0.0,320.723,0.0,18.421,0.0,1741.067,1603.614,1.05,92.105,0.28,24.561,0.49,42.982
Macao,MAC,2022,695180.0,,0.2,40.816,448.98,0.0,0.0,5.73,0.49,,417.158,0.29,59.184,0.25,51.02,0.0,0.0,287.695,0.2,40.816,0.0,0.0,0.04,8.163,0.2,0.0,287.695,0.0,40.816,0.0,704.853,287.695,0.2,40.816,0.0,0.0,0.0,0.0
Madagascar,MDG,2022,29611718.0,38602186752.0,0.05,2.119,436.441,0.13,5.508,2.36,2.36,,50.318,1.49,63.136,0.0,0.0,0.78,33.051,29.38,0.87,36.864,0.0,0.0,1.36,57.627,0.05,0.0,1.689,0.0,2.119,0.0,79.698,29.38,0.87,36.864,0.04,1.695,0.0,0.0
Malawi,MWI,2022,20405318.0,26465351680.0,0.05,3.704,66.667,0.0,0.0,1.33,1.35,,3.921,0.08,5.926,0.0,0.0,1.05,77.778,62.239,1.27,94.074,0.0,0.0,0.08,5.926,0.05,0.0,2.45,0.0,3.704,0.0,66.159,62.239,1.27,94.074,0.17,12.593,0.0,0.0
Malaysia,MYS,2022,33938216.0,877584187392.0,1.15,0.635,605.831,76.39,42.183,180.07,181.09,14.238,4316.667,146.5,80.899,68.35,37.744,30.72,16.964,1019.205,34.59,19.101,0.0,0.0,1.76,0.972,1.234,,36.36,,0.681,,5335.873,1019.205,34.59,19.101,2.72,1.502,0.0,0.0
Maldives,MDV,2022,523798.0,,0.0,0.0,611.765,0.0,0.0,0.85,0.85,,1508.215,0.79,92.941,0.0,0.0,0.0,0.0,114.548,0.06,7.059,0.0,0.0,0.79,92.941,0.0,0.0,0.0,0.0,0.0,0.0,1622.763,114.548,0.06,7.059,0.06,7.059,0.0,0.0
Mali,MLI,2022,22593598.0,30551085056.0,0.06,1.6,408.0,0.0,0.0,3.93,3.75,,100.028,2.26,60.267,0.0,0.0,1.4,37.333,65.948,1.49,39.733,0.0,0.0,2.26,60.267,0.06,0.0,2.656,0.0,1.6,0.0,165.976,65.948,1.49,39.733,0.03,0.8,0.0,0.0
Malta,MLT,2023,535074.0,18295134208.0,0.01,0.389,459.144,0.0,0.0,3.2,2.57,,3793.868,2.03,78.988,2.0,77.821,0.0,0.0,1009.206,0.54,21.012,0.0,0.0,0.03,1.167,0.01,0.0,18.689,0.0,0.389,0.0,4803.074,1009.206,0.54,21.012,0.53,20.623,0.0,0.0
Martinique,MTQ,2021,368799.0,,0.25,16.556,523.179,,,1.51,1.51,,3036.885,1.12,74.172,,,,,1057.487,0.39,25.828,,,1.12,74.172,0.25,0.0,677.876,0.0,16.556,0.0,4094.371,1057.487,0.39,25.828,0.09,5.96,0.05,3.311
Mauritania,MRT,2022,4736146.0,15674545152.0,0.0,0.0,464.706,0.0,0.0,1.89,1.7,,251.259,1.19,70.0,0.0,0.0,0.21,12.353,107.682,0.51,30.0,0.0,0.0,1.19,70.0,0.0,0.0,0.0,0.0,0.0,0.0,358.942,107.682,0.51,30.0,0.14,8.235,0.16,9.412
Mauritius,MUS,2022,1299478.0,26988574720.0,0.37,10.541,632.479,1.3,37.037,3.51,3.51,,2177.797,2.83,80.627,0.0,0.0,0.13,3.704,523.287,0.68,19.373,0.0,0.0,1.53,43.59,0.37,0.0,284.73,0.0,10.541,0.0,2701.084,523.287,0.68,19.373,0.16,4.558,0.02,0.57
Mexico,MEX,2023,128455560.0,2033437638656.0,6.63,1.876,507.245,33.91,9.597,356.44,353.34,16.066,2115.596,271.76,76.912,205.08,58.04,20.74,5.87,635.083,81.58,23.088,12.34,3.492,32.77,9.274,7.1,,55.27,,2.009,,2750.679,539.019,69.24,19.596,21.19,5.997,20.68,5.853
Moldova,MDA,2023,3435935.0,23827554304.0,0.03,0.509,643.464,0.0,0.0,5.95,5.89,,1548.341,5.32,90.323,5.12,86.927,0.34,5.772,165.894,0.57,9.677,0.0,0.0,0.2,3.396,0.03,0.0,8.731,0.0,0.509,0.0,1714.235,165.894,0.57,9.677,0.03,0.509,0.17,2.886
Mongolia,MNG,2023,3447157.0,44809465856.0,0.0,0.0,775.309,6.87,84.815,9.94,8.1,,2097.381,7.23,89.259,0.0,0.0,0.08,0.988,252.382,0.87,10.741,0.0,0.0,0.36,4.444,0.0,0.0,0.0,0.0,0.0,0.0,2349.762,252.382,0.87,10.741,0.17,2.099,0.62,7.654
Montenegro,MNE,2023,626486.0,12774400000.0,0.0,0.0,417.073,1.63,39.756,4.15,4.1,,2601.814,1.63,39.756,0.0,0.0,2.14,52.195,3942.626,2.47,60.244,0.0,0.0,0.0,0.0,0.0,0.0,0.0,0.0,0.0,0.0,6544.44,3942.626,2.47,60.244,0.0,0.0,0.33,8.049
Montserrat,MSR,2022,4413.0,,0.0,0.0,1000.0,0.0,0.0,0.01,0.01,,2266.032,0.01,100.0,0.0,0.0,0.0,0.0,0.0,0.0,0.0,0.0,0.0,0.01,100.0,0.0,0.0,0.0,0.0,0.0,0.0,2266.032,0.0,0.0,0.0,0.0,0.0,0.0,0.0
Morocco,MAR,2023,37840052.0,311654973440.0,0.04,0.094,630.014,27.32,64.464,44.35,42.38,16.472,884.513,33.47,78.976,2.04,4.814,0.56,1.321,235.465,8.91,21.024,0.0,0.0,4.11,9.698,0.04,0.0,1.057,0.0,0.094,0.0,1119.977,235.465,8.91,21.024,2.05,4.837,6.26,14.771
Mozambique,MOZ,2022,32969520.0,31441725440.0,0.11,0.578,135.647,0.0,0.0,16.14,19.02,,101.609,3.35,17.613,3.17,16.667,15.49,81.441,475.287,15.67,82.387,0.0,0.0,0.18,0.946,0.11,0.0,3.336,0.0,0.578,0.0,576.897,475.287,15.67,82.387,0.07,0.368,0.0,0.0
Myanmar,MMR,2023,54578000.0,291025092608.0,0.27,1.488,398.898,2.1,11.57,16.83,18.15,,137.968,7.53,41.488,5.31,29.256,10.05,55.372,194.584,10.62,58.512,0.0,0.0,0.12,0.661,0.27,0.0,4.947,0.0,1.488,0.0,332.552,194.584,10.62,58.512,0.3,1.653,0.0,0.0
Namibia,NAM,2022,2567024.0,21858732032.0,0.0,0.0,59.259,0.05,3.704,3.8,1.35,,19.478,0.05,3.704,0.0,0.0,0.78,57.778,506.423,1.3,96.296,0.0,0.0,0.0,0.0,0.0,0.0,0.0,0.0,0.0,0.0,525.901,506.423,1.3,96.296,0.5,37.037,0.02,1.481
Nauru,NRU,2022,12691.0,,0.0,0.0,750.0,0.0,0.0,0.04,0.04,,3151.84,0.04,100.0,0.0,0.0,0.0,0.0,0.0,0.0,0.0,0.0,0.0,0.04,100.0,0.0,0.0,0.0,0.0,0.0,0.0,3151.84,0.0,0.0,0.0,0.0,0.0,0.0,0.0
Nepal,NPL,2022,30547586.0,95965913088.0,0.0,0.0,24.44,0.0,0.0,11.07,9.82,,0.0,0.0,0.0,0.0,0.0,9.67,98.473,321.466,9.82,100.0,0.0,0.0,0.0,0.0,0.0,0.0,0.0,0.0,0.0,0.0,321.466,321.466,9.82,100.0,0.14,1.426,0.01,0.102
Netherlands,NLD,2023,17618296.0,879609118720.0,8.25,6.754,267.622,8.45,6.918,116.63,122.15,14.351,3389.658,59.72,48.891,46.1,37.74,0.06,0.049,3543.475,62.43,51.109,4.0,3.275,5.17,4.233,8.25,0.0,468.263,0.0,6.754,0.0,6933.134,3316.439,58.43,47.835,21.15,17.315,28.97,23.717
New Caledonia,NCL,2022,289959.0,,0.0,0.0,660.584,1.14,41.606,2.74,2.74,,7863.181,2.28,83.212,0.0,0.0,0.22,8.029,1586.431,0.46,16.788,0.0,0.0,1.14,41.606,0.0,0.0,0.0,0.0,0.0,0.0,9449.612,1586.431,0.46,16.788,0.18,6.569,0.06,2.19
New Zealand,NZL,2023,5228101.0,200602763264.0,1.55,3.482,112.758,1.77,3.976,44.52,44.52,25.153,1078.786,5.64,12.668,3.25,7.3,26.04,58.491,7436.735,38.88,87.332,0.0,0.0,0.62,1.393,9.16,7.61,1752.07,1455.595,20.575,17.093,8515.521,7436.735,38.88,87.332,0.21,0.472,3.47,7.794
Nicaragua,NIC,2022,6948395.0,32764782592.0,0.93,21.628,265.116,0.0,0.0,5.3,4.3,,194.289,1.35,31.395,0.0,0.0,0.6,13.953,424.559,2.95,68.605,0.0,0.0,1.35,31.395,1.66,0.73,238.904,105.06,38.605,16.977,618.848,424.559,2.95,68.605,0.03,0.698,0.66,15.349
Niger,NER,2022,26207982.0,24776755200.0,0.0,0.0,670.886,0.21,26.582,1.96,0.79,,28.236,0.74,93.671,0.06,7.595,0.0,0.0,1.908,0.05,6.329,0.0,0.0,0.47,59.494,0.0,0.0,0.0,0.0,0.0,0.0,30.143,1.908,0.05,6.329,0.05,6.329,0.0,0.0
Nigeria,NGA,2023,223804640.0,1134448607232.0,0.02,0.049,523.247,0.0,0.0,40.65,40.65,,144.322,32.3,79.459,32.3,79.459,8.28,20.369,37.309,8.35,20.541,0.0,0.0,0.0,0.0,0.02,0.0,0.089,0.0,0.049,0.0,181.632,37.309,8.35,20.541,0.05,0.123,0.0,0.0
Niue,NIU,2022,1952.0,,0.0,,,0.0,,0.0,0.0,,0.0,0.0,,0.0,,0.0,,0.0,0.0,,0.0,,0.0,,0.0,0.0,0.0,0.0,,,0.0,0.0,0.0,,0.0,,0.0,
North Korea,PRK,2022,26069416.0,40488849408.0,0.0,0.0,389.587,8.88,39.856,22.28,22.28,,360.192,9.39,42.145,0.0,0.0,12.82,57.54,494.449,12.89,57.855,0.0,0.0,0.51,2.289,0.0,0.0,0.0,0.0,0.0,0.0,854.641,494.449,12.89,57.855,0.07,0.314,0.0,0.0
North Macedonia,MKD,2023,2085682.0,28770254848.0,0.09,1.322,565.345,2.72,39.941,6.0,6.81,22.619,2205.514,4.6,67.548,1.35,19.824,1.64,24.082,1059.605,2.21,32.452,0.0,0.0,0.53,7.783,0.09,0.0,43.151,0.0,1.322,0.0,3265.119,1059.605,2.21,32.452,0.34,4.993,0.14,2.056
Norway,NOR,2023,5474363.0,482328444928.0,0.24,0.156,30.08,0.04,0.026,135.98,153.59,49.186,409.18,2.24,1.458,1.38,0.898,135.96,88.521,27647.053,151.35,98.542,0.0,0.0,0.82,0.534,0.26,0.02,47.494,3.653,0.169,0.013,28056.23,27647.053,151.35,98.542,0.17,0.111,14.96,9.74
Oman,OMN,2023,4644384.0,177355014144.0,0.0,0.0,564.635,0.0,0.0,44.79,44.79,10.509,9585.771,44.52,99.397,43.0,96.004,0.0,0.0,58.135,0.27,0.603,0.0,0.0,1.52,3.394,0.0,0.0,0.0,0.0,0.0,0.0,9643.906,58.135,0.27,0.603,0.27,0.603,0.0,0.0
Pakistan,PAK,2023,240485664.0,1318834929664.0,1.77,1.099,440.608,28.97,17.988,161.55,161.05,19.322,393.329,94.59,58.733,54.98,34.138,37.9,23.533,276.357,66.46,41.267,22.44,13.934,10.64,6.607,1.77,0.0,7.36,0.0,1.099,0.0,669.687,183.046,44.02,27.333,1.45,0.9,2.9,1.801
Palestine,PSE,2022,5250076.0,24076503040.0,0.0,0.0,516.129,0.0,0.0,7.63,0.93,,137.141,0.72,77.419,0.0,0.0,0.0,0.0,39.999,0.21,22.581,0.0,0.0,0.72,77.419,0.0,0.0,0.0,0.0,0.0,0.0,177.14,39.999,0.21,22.581,0.21,22.581,0.0,0.0
Panama,PAN,2022,4408582.0,94762123264.0,0.03,0.225,161.677,0.55,4.117,12.93,13.36,,660.076,2.91,21.781,1.77,13.249,9.24,69.162,2370.377,10.45,78.219,0.0,0.0,0.59,4.416,0.03,0.0,6.805,0.0,0.225,0.0,3030.453,2370.377,10.45,78.219,0.65,4.865,0.53,3.967
Papua New Guinea,PNG,2022,10142625.0,,0.01,0.207,507.246,0.0,0.0,4.83,4.83,,356.91,3.62,74.948,0.91,18.841,0.8,16.563,119.299,1.21,25.052,0.0,0.0,2.71,56.108,0.41,0.4,40.423,39.438,8.489,8.282,476.208,119.299,1.21,25.052,0.0,0.0,0.0,0.0
Paraguay,PRY,2023,6861527.0,65127632896.0,0.0,0.0,23.755,0.0,0.0,24.29,56.83,,0.0,0.0,0.0,0.0,0.0,56.83,100.0,8282.413,56.83,100.0,0.0,0.0,0.0,0.0,0.0,0.0,0.0,0.0,0.0,0.0,8282.413,8282.413,56.83,100.0,0.0,0.0,0.0,0.0
Peru,PER,2023,34352720.0,341677637632.0,0.59,0.984,266.478,0.06,0.1,59.97,59.93,20.44,717.556,24.65,41.131,23.63,39.429,31.51,52.578,1026.993,35.28,58.869,0.0,0.0,0.96,1.602,0.59,0.0,17.175,0.0,0.984,0.0,1744.549,1026.993,35.28,58.869,0.95,1.585,2.23,3.721
Philippines,PHL,2023,117337368.0,1014811000832.0,1.11,0.939,610.688,73.23,61.923,118.26,118.26,20.806,789.604,92.65,78.344,17.71,14.975,9.09,7.686,218.26,25.61,21.656,0.0,0.0,1.71,1.446,12.78,11.67,108.917,99.457,10.807,9.868,1007.863,218.26,25.61,21.656,2.23,1.886,1.51,1.277
Poland,POL,2023,41026068.0,1231021277184.0,8.13,4.818,661.926,103.02,61.049,171.85,168.75,15.864,2996.631,122.94,72.853,14.75,8.741,2.38,1.41,1116.607,45.81,27.147,0.0,0.0,5.17,3.064,8.13,0.0,198.167,0.0,4.818,0.0,4113.239,1116.607,45.81,27.147,12.24,7.253,23.06,13.665
Portugal,PRT,2023,10247607.0,295712915456.0,3.71,8.266,165.553,0.0,0.0,55.1,44.88,21.877,1190.522,12.2,27.184,10.88,24.242,10.98,24.465,3189.037,32.68,72.816,0.0,0.0,1.32,2.941,3.9,0.19,380.577,18.541,8.69,0.423,4379.56,3189.037,32.68,72.816,4.57,10.183,13.23,29.479
Puerto Rico,PRI,2022,3252412.0,113895186432.0,0.01,0.052,678.738,3.24,16.762,19.33,19.33,,5789.549,18.83,97.413,5.39,27.884,0.05,0.259,153.732,0.5,2.587,0.0,0.0,10.2,52.768,0.01,0.0,3.075,0.0,0.052,0.0,5943.282,153.732,0.5,2.587,0.28,1.449,0.16,0.828
Qatar,QAT,2023,2716399.0,381778100224.0,0.14,0.257,602.5,0.0,0.0,54.39,54.39,8.88,19967.611,54.24,99.724,54.24,99.724,0.0,0.0,55.22,0.15,0.276,0.0,0.0,0.0,0.0,0.14,0.0,51.539,0.0,0.257,0.0,20022.83,55.22,0.15,0.276,0.01,0.018,0.0,0.0
Reunion,REU,2021,966132.0,,0.24,7.767,572.816,0.93,30.097,3.09,3.09,,2297.823,2.22,71.845,,,0.36,11.65,900.498,0.87,28.155,,,1.29,41.748,,,,,,,3198.321,900.498,0.87,28.155,0.27,8.738,0.0,0.0
Romania,ROU,2023,19892810.0,504741658624.0,0.46,0.817,240.583,8.1,14.392,53.08,56.28,19.197,841.51,16.74,29.744,8.31,14.765,18.3,32.516,1987.653,39.54,70.256,11.18,19.865,0.33,0.586,0.46,0.0,23.124,0.0,0.817,0.0,2829.163,1425.641,28.36,50.391,2.08,3.696,7.52,13.362
Russia,RUS,2023,144444368.0,3731440795648.0,0.88,0.075,441.039,196.22,16.665,1168.5,1177.47,14.661,5214.187,753.16,63.964,544.79,46.268,200.6,17.037,2937.532,424.31,36.036,217.47,18.469,12.15,1.032,0.85,,5.882,,0.072,,8151.72,1431.97,206.84,17.566,2.01,0.171,3.35,0.285
Rwanda,RWA,2022,13776702.0,28466253824.0,0.0,0.0,316.327,0.05,5.102,1.0,0.98,,32.664,0.45,45.918,0.24,24.49,0.51,52.041,38.471,0.53,54.082,0.0,0.0,0.16,16.327,0.0,0.0,0.0,0.0,0.0,0.0,71.135,38.471,0.53,54.082,0.02,2.041,0.0,0.0
Saint Helena,SHN,2022,5401.0,,0.0,0.0,1000.0,0.0,0.0,0.01,0.01,,1851.509,0.01,100.0,0.0,0.0,0.0,0.0,0.0,0.0,0.0,0.0,0.0,0.01,100.0,0.0,0.0,0.0,0.0,0.0,0.0,1851.509,0.0,0.0,0.0,0.0,0.0,0.0,0.0
Saint Kitts and Nevis,KNA,2022,47681.0,,0.0,0.0,636.364,0.0,0.0,0.22,0.22,,4404.27,0.21,95.455,0.0,0.0,0.0,0.0,209.727,0.01,4.545,0.0,0.0,0.21,95.455,0.0,0.0,0.0,0.0,0.0,0.0,4613.997,209.727,0.01,4.545,0.0,0.0,0.01,4.545
Saint Lucia,LCA,2022,179872.0,1749086208.0,0.0,0.0,666.667,0.0,0.0,0.39,0.39,,2168.208,0.39,100.0,0.0,0.0,0.0,0.0,0.0,0.0,0.0,0.0,0.0,0.39,100.0,0.0,0.0,0.0,0.0,0.0,0.0,2168.208,0.0,0.0,0.0,0.0,0.0,0.0,0.0
Saint Pierre and Miquelon,SPM,2022,5885.0,,0.0,0.0,600.0,0.0,0.0,0.05,0.05,,8496.177,0.05,100.0,0.0,0.0,0.0,0.0,0.0,0.0,0.0,0.0,0.0,0.05,100.0,0.0,0.0,0.0,0.0,0.0,0.0,8496.177,0.0,0.0,0.0,0.0,0.0,0.0,0.0
Saint Vincent and the Grenadines,VCT,2022,103959.0,,0.0,0.0,529.412,0.0,0.0,0.17,0.17,,1250.493,0.13,76.471,0.0,0.0,0.04,23.529,384.767,0.04,23.529,0.0,0.0,0.13,76.471,0.0,0.0,0.0,0.0,0.0,0.0,1635.26,384.767,0.04,23.529,0.0,0.0,0.0,0.0
Samoa,WSM,2022,222390.0,,0.0,0.0,473.684,0.0,0.0,0.19,0.19,,584.559,0.13,68.421,0.0,0.0,0.04,21.053,269.796,0.06,31.579,0.0,0.0,0.13,68.421,0.0,0.0,0.0,0.0,0.0,0.0,854.355,269.796,0.06,31.579,0.02,10.526,0.0,0.0
Sao Tome and Principe,STP,2022,227393.0,825238400.0,0.0,0.0,642.857,0.0,0.0,0.14,0.14,,571.697,0.13,92.857,0.0,0.0,0.01,7.143,43.977,0.01,7.143,0.0,0.0,0.13,92.857,0.0,0.0,0.0,0.0,0.0,0.0,615.674,43.977,0.01,7.143,0.0,0.0,0.0,0.0
Saudi Arabia,SAU,2022,36408824.0,1823886278656.0,0.0,0.0,706.791,0.0,0.0,401.54,401.59,13.183,11006.946,400.75,99.791,269.37,67.076,,,23.071,0.84,0.209,0.0,0.0,131.38,32.715,0.0,,0.0,,0.0,,11030.019,23.071,0.84,0.209,0.83,0.207,0.01,0.002
Senegal,SEN,2022,17316452.0,51913994240.0,0.11,1.418,511.598,0.47,6.057,8.09,7.76,,332.632,5.76,74.227,0.03,0.387,0.31,3.995,115.497,2.0,25.773,0.0,0.0,5.26,67.784,0.11,0.0,6.352,0.0,1.418,0.0,448.129,115.497,2.0,25.773,0.84,10.825,0.74,9.536
Serbia,SRB,2023,7149073.0,116834639872.0,0.23,0.587,636.062,23.54,60.036,37.0,39.21,,3515.141,25.13,64.091,1.59,4.055,12.9,32.9,1969.486,14.08,35.909,0.0,0.0,0.0,0.0,0.23,0.0,32.172,0.0,0.587,0.0,5484.627,1969.486,14.08,35.909,0.01,0.026,0.94,2.397
Seychelles,SYC,2022,107135.0,3053368064.0,0.0,0.0,564.516,0.0,0.0,0.62,0.62,,4947.029,0.53,85.484,0.0,0.0,0.0,0.0,840.062,0.09,14.516,0.0,0.0,0.53,85.484,0.0,0.0,0.0,0.0,0.0,0.0,5787.091,840.062,0.09,14.516,0.08,12.903,0.01,1.613
Sierra Leone,SLE,2022,8605723.0,11681270784.0,0.0,0.0,50.0,0.0,0.0,0.2,0.2,,1.162,0.01,5.0,0.0,0.0,0.18,90.0,22.078,0.19,95.0,0.0,0.0,0.01,5.0,0.0,0.0,0.0,0.0,0.0,0.0,23.24,22.078,0.19,95.0,0.01,5.0,0.0,0.0
Singapore,SGP,2023,6014725.0,461801127936.0,1.66,2.896,470.783,0.57,0.994,57.33,57.33,5.962,9099.335,54.73,95.465,53.07,92.569,,,432.272,2.6,4.535,0.0,0.0,1.09,1.901,0.837,,139.143,,1.46,,9531.607,432.272,2.6,4.535,0.94,1.64,0.0,0.0
Slovakia,SVK,2023,5795206.0,150360424448.0,1.54,5.197,116.774,1.35,4.556,26.3,29.63,20.28,776.504,4.5,15.187,2.38,8.032,4.63,15.626,4336.343,25.13,84.813,18.34,61.897,0.77,2.599,1.55,0.01,267.462,1.726,5.231,0.034,5112.847,1171.658,6.79,22.916,0.61,2.059,0.0,0.0
Slovenia,SVN,2023,2119681.0,69385347072.0,0.24,1.577,231.275,3.19,20.959,13.89,15.22,28.576,1736.11,3.68,24.179,0.43,2.825,4.96,32.589,5444.215,11.54,75.821,5.64,37.057,0.06,0.394,0.24,0.0,113.225,0.0,1.577,0.0,7180.326,2783.438,5.9,38.765,0.69,4.534,0.01,0.066
Solomon Islands,SLB,2022,724272.0,,0.0,0.0,700.0,0.0,0.0,0.1,0.1,,138.07,0.1,100.0,0.0,0.0,0.0,0.0,0.0,0.0,0.0,0.0,0.0,0.1,100.0,0.0,0.0,0.0,0.0,0.0,0.0,138.07,0.0,0.0,0.0,0.0,0.0,0.0,0.0
Somalia,SOM,2022,17597508.0,,0.0,0.0,578.947,0.0,0.0,0.38,0.38,,19.321,0.34,89.474,0.0,0.0,0.0,0.0,2.273,0.04,10.526,0.0,0.0,0.34,89.474,0.0,0.0,0.0,0.0,0.0,0.0,21.594,2.273,0.04,10.526,0.03,7.895,0.01,2.632
South Africa,ZAF,2023,60414496.0,723559317504.0,0.43,0.188,707.686,185.29,81.143,225.67,228.35,17.415,3155.037,190.61,83.473,0.0,0.0,1.96,0.858,624.685,37.74,16.527,8.16,3.573,5.32,2.33,0.41,,6.781,,0.179,,3779.722,489.618,29.58,12.954,15.57,6.818,11.62,5.089
South Korea,KOR,2023,51784060.0,2137558614016.0,18.46,3.006,430.567,202.66,32.996,614.19,614.19,19.92,7314.22,378.76,61.668,169.23,27.553,3.7,0.602,4546.379,235.43,38.332,180.49,29.387,6.87,1.119,19.247,,371.67,,3.134,,11860.6,1060.944,54.94,8.945,29.37,4.782,3.41,0.555
South Sudan,SSD,2022,10913172.0,,0.0,0.0,629.032,0.0,0.0,0.62,0.62,,54.979,0.6,96.774,0.0,0.0,0.0,0.0,1.833,0.02,3.226,0.0,0.0,0.6,96.774,0.0,0.0,0.0,0.0,0.0,0.0,56.812,1.833,0.02,3.226,0.02,3.226,0.0,0.0
Spain,ESP,2023,47519628.0,1625139970048.0,5.86,2.172,174.05,3.9,1.446,255.82,269.75,21.56,1638.691,77.87,28.867,63.24,23.444,20.01,7.418,4037.91,191.88,71.133,56.8,21.057,10.73,3.978,5.86,0.0,123.317,0.0,2.172,0.0,5676.602,2842.615,135.08,50.076,45.08,16.712,64.13,23.774
Sri Lanka,LKA,2022,21832150.0,254748606464.0,0.22,1.266,509.781,7.06,40.621,17.38,17.38,21.735,501.096,10.94,62.946,0.0,0.0,5.11,29.402,294.978,6.44,37.054,0.0,0.0,3.88,22.325,0.22,0.0,10.077,0.0,1.266,0.0,796.074,294.978,6.44,37.054,0.68,3.913,0.43,2.474
Sudan,SDN,2022,46874200.0,,0.11,0.616,263.158,0.0,0.0,18.79,17.86,,143.149,6.71,37.57,0.0,0.0,11.0,61.59,237.871,11.15,62.43,0.0,0.0,6.71,37.57,0.11,0.0,2.347,0.0,0.616,0.0,381.02,237.871,11.15,62.43,0.04,0.224,0.0,0.0
Suriname,SUR,2022,618046.0,,0.01,0.478,349.282,0.0,0.0,2.09,2.09,,1747.443,1.08,51.675,0.02,0.957,0.99,47.368,1634.183,1.01,48.325,0.0,0.0,1.06,50.718,0.01,0.0,16.18,0.0,0.478,0.0,3381.625,1634.183,1.01,48.325,0.01,0.478,0.0,0.0
Sweden,SWE,2023,10612087.0,494214545408.0,11.78,7.081,40.695,0.01,0.006,137.64,166.36,49.621,274.216,2.91,1.749,0.15,0.09,66.07,39.715,15402.248,163.45,98.251,48.4,29.094,2.75,1.653,11.78,0.0,1110.055,0.0,7.081,0.0,15676.465,10841.412,115.05,69.157,2.48,1.491,34.72,20.87
Switzerland,CHE,2023,8796671.0,559384952832.0,0.96,1.354,34.843,0.0,0.0,65.3,70.89,34.228,195.529,1.72,2.426,0.5,0.705,38.55,54.38,7863.201,69.17,97.574,24.19,34.123,1.22,1.721,2.07,1.11,235.316,126.184,2.92,1.566,8058.73,5113.298,44.98,63.45,4.19,5.911,0.17,0.24
Syria,SYR,2022,22125242.0,52353138688.0,0.03,0.178,701.661,0.0,0.0,16.51,16.86,,726.772,16.08,95.374,9.09,53.915,0.75,4.448,35.254,0.78,4.626,0.0,0.0,6.99,41.459,0.03,0.0,1.356,0.0,0.178,0.0,762.026,35.254,0.78,4.626,0.0,0.0,0.0,0.0
Taiwan,TWN,2023,23923272.0,1247874383872.0,2.03,0.721,642.378,122.05,43.362,281.47,281.47,23.62,9920.466,237.33,84.318,111.96,39.777,4.14,1.471,1845.065,44.14,15.682,19.79,7.031,3.32,1.18,1.946,,81.328,,0.691,,11765.531,1017.837,24.35,8.651,13.57,4.821,4.61,1.638
Tajikistan,TJK,2022,9952789.0,50544009216.0,0.0,0.0,116.858,1.89,9.052,18.71,20.88,,223.053,2.22,10.632,0.33,1.58,18.66,89.368,1874.851,18.66,89.368,0.0,0.0,0.0,0.0,0.0,0.0,0.0,0.0,0.0,0.0,2097.904,1874.851,18.66,89.368,0.0,0.0,0.0,0.0
Tanzania,TZA,2022,65497752.0,198220414976.0,0.07,0.776,339.246,0.0,0.0,9.17,9.02,,92.828,6.08,67.406,6.06,67.184,2.82,31.264,44.887,2.94,32.594,0.0,0.0,0.02,0.222,0.07,0.0,1.069,0.0,0.776,0.0,137.715,44.887,2.94,32.594,0.05,0.554,0.0,0.0
Thailand,THA,2023,71801280.0,1124143726592.0,13.99,7.344,549.583,30.44,15.98,219.84,190.49,14.271,2238.679,160.74,84.382,129.4,67.93,6.6,3.465,414.338,29.75,15.618,0.0,0.0,0.9,0.472,14.149,,197.063,,7.428,,2653.017,414.338,29.75,15.618,5.0,2.625,4.16,2.184
Togo,TGO,2022,8848700.0,14265659392.0,0.0,0.0,443.182,0.0,0.0,1.68,0.88,,74.587,0.66,75.0,0.59,67.045,0.16,18.182,24.862,0.22,25.0,0.0,0.0,0.07,7.955,0.0,0.0,0.0,0.0,0.0,0.0,99.45,24.862,0.22,25.0,0.06,6.818,0.0,0.0
Tonga,TON,2022,106867.0,,0.0,0.0,625.0,0.0,0.0,0.08,0.08,,655.02,0.07,87.5,0.0,0.0,0.0,0.0,93.574,0.01,12.5,0.0,0.0,0.07,87.5,0.0,0.0,0.0,0.0,0.0,0.0,748.594,93.574,0.01,12.5,0.01,12.5,0.0,0.0
Trinidad and Tobago,TTO,2022,1531043.0,37513383936.0,0.0,0.0,681.529,0.0,0.0,9.42,9.42,5.444,6146.137,9.41,99.894,9.37,99.469,0.0,0.0,6.531,0.01,0.106,0.0,0.0,0.04,0.425,0.0,0.0,0.0,0.0,0.0,0.0,6152.668,6.531,0.01,0.106,0.01,0.106,0.0,0.0
Tunisia,TUN,2023,12458225.0,129457963008.0,0.0,0.0,563.956,0.0,0.0,23.6,21.03,,1634.262,20.36,96.814,20.33,96.671,0.01,0.048,53.78,0.67,3.186,0.0,0.0,0.03,0.143,0.0,0.0,0.0,0.0,0.0,0.0,1688.042,53.78,0.67,3.186,0.32,1.522,0.34,1.617
Turkey,TUR,2023,85816192.0,2385996414976.0,8.21,2.567,464.586,118.03,36.909,323.8,319.79,18.62,2161.014,185.45,57.991,66.48,20.789,63.72,19.926,1565.439,134.34,42.009,0.0,0.0,0.94,0.294,18.34,10.13,213.713,118.043,5.735,3.168,3726.453,1565.439,134.34,42.009,18.4,5.754,33.88,10.594
Turkmenistan,TKM,2022,6430777.0,97502945280.0,0.0,0.0,1306.025,0.0,0.0,19.87,23.07,5.095,3585.881,23.06,99.957,23.06,99.957,0.01,0.043,1.555,0.01,0.043,0.0,0.0,0.0,0.0,0.0,0.0,0.0,0.0,0.0,0.0,3587.436,1.555,0.01,0.043,0.0,0.0,0.0,0.0
Turks and Caicos Islands,TCA,2022,45726.0,,0.0,0.0,653.846,0.0,0.0,0.26,0.26,,5686.042,0.26,100.0,0.0,0.0,0.0,0.0,0.0,0.0,0.0,0.0,0.0,0.26,100.0,0.0,0.0,0.0,0.0,0.0,0.0,5686.042,0.0,0.0,0.0,0.0,0.0,0.0,0.0
Uganda,UGA,2022,47249588.0,101995421696.0,0.39,7.236,44.527,0.0,0.0,5.08,5.39,,1.27,0.06,1.113,0.0,0.0,4.81,89.239,112.805,5.33,98.887,0.0,0.0,0.06,1.113,0.39,0.0,8.254,0.0,7.236,0.0,114.075,112.805,5.33,98.887,0.13,2.412,0.0,0.0
Ukraine,UKR,2022,39701744.0,309166669824.0,0.5,0.444,259.693,24.79,21.994,111.83,112.71,21.593,818.604,32.5,28.835,7.22,6.406,11.1,9.848,2020.314,80.21,71.165,62.07,55.071,0.49,0.435,0.776,0.0,19.548,0.0,0.689,0.0,2838.918,456.907,18.14,16.094,5.08,4.507,1.46,1.295
United Arab Emirates,ARE,2022,9441138.0,779701518336.0,0.01,0.006,561.135,0.0,0.0,154.95,154.74,11.792,13522.734,127.67,82.506,127.67,82.506,,,2867.239,27.07,17.494,20.1,12.99,0.0,0.0,0.013,,1.355,,0.008,,16389.973,738.258,6.97,4.504,6.96,4.498,0.0,0.0
United Kingdom,GBR,2023,67736800.0,2615230595072.0,33.85,11.534,237.589,4.06,1.383,316.9,293.49,17.956,1729.488,117.15,39.916,100.52,34.25,5.23,1.782,2603.312,176.34,60.084,41.29,14.069,12.57,4.283,33.99,0.01,501.795,0.15,11.581,0.003,4332.8,1993.746,135.05,46.015,13.51,4.603,82.46,28.096
United States,USA,2023,339996576.0,19493170446336.0,47.46,1.117,369.473,675.26,15.892,4266.69,4249.05,18.208,7383.369,2510.32,59.08,1802.06,42.411,233.96,5.506,5113.963,1738.73,40.92,775.35,18.248,33.0,0.777,66.07,18.61,194.325,54.736,1.555,0.438,12497.331,2833.499,963.38,22.673,238.12,5.604,425.23,10.008
United States Virgin Islands,VIR,2022,99479.0,,0.0,0.0,632.353,0.0,0.0,0.68,0.68,,6634.566,0.66,97.059,0.0,0.0,0.0,0.0,201.047,0.02,2.941,0.0,0.0,0.66,97.059,0.0,0.0,0.0,0.0,0.0,0.0,6835.614,201.047,0.02,2.941,0.02,2.941,0.0,0.0
Uruguay,URY,2023,3423106.0,69066227712.0,3.03,22.955,128.788,0.0,0.0,13.6,13.2,,394.379,1.35,10.227,0.0,0.0,3.62,27.424,3461.769,11.85,89.773,0.0,0.0,1.35,10.227,3.03,0.0,885.161,0.0,22.955,0.0,3856.147,3461.769,11.85,89.773,0.46,3.485,4.74,35.909
Uzbekistan,UZB,2022,34627648.0,393572450304.0,0.0,0.0,1167.603,2.22,2.97,78.35,74.76,12.902,2015.153,69.78,93.339,66.08,88.39,4.97,6.648,143.816,4.98,6.661,0.0,0.0,1.48,1.98,0.0,0.0,0.0,0.0,0.0,0.0,2158.969,143.816,4.98,6.661,0.01,0.013,0.0,0.0
Vanuatu,VUT,2022,326744.0,,0.0,0.0,571.429,0.0,0.0,0.07,0.07,,183.63,0.06,85.714,0.0,0.0,0.0,0.0,30.605,0.01,14.286,0.0,0.0,0.06,85.714,0.0,0.0,0.0,0.0,0.0,0.0,214.235,30.605,0.01,14.286,0.01,14.286,0.0,0.0
Venezuela,VEN,2022,28301700.0,149682061312.0,0.0,0.0,185.802,0.0,0.0,84.66,84.66,15.754,667.098,18.88,22.301,13.25,15.651,65.68,77.581,2324.242,65.78,77.699,0.0,0.0,5.63,6.65,0.0,0.0,0.0,0.0,0.0,0.0,2991.34,2324.242,65.78,77.699,0.01,0.012,0.09,0.106
Vietnam,VNM,2023,98858944.0,833803845632.0,0.36,0.135,475.449,124.31,46.774,266.66,265.77,22.868,1549.076,153.14,57.621,26.52,9.979,76.79,28.893,1139.3,112.63,42.379,0.0,0.0,2.31,0.869,0.853,,8.628,,0.321,,2688.376,1139.3,112.63,42.379,25.46,9.58,10.02,3.77
Yemen,YEM,2022,33696612.0,60852994048.0,0.0,0.0,566.102,0.0,0.0,2.95,2.95,,69.74,2.35,79.661,0.54,18.305,0.0,0.0,17.806,0.6,20.339,0.0,0.0,1.81,61.356,0.0,0.0,0.0,0.0,0.0,0.0,87.546,17.806,0.6,20.339,0.6,20.339,0.0,0.0
Zambia,ZMB,2022,20017670.0,68469604352.0,0.08,0.411,111.967,2.16,11.094,17.35,19.47,,107.905,2.16,11.094,0.0,0.0,17.09,87.776,864.736,17.31,88.906,0.0,0.0,0.0,0.0,0.08,0.0,3.996,0.0,0.411,0.0,972.641,864.736,17.31,88.906,0.14,0.719,0.0,0.0
Zimbabwe,ZWE,2022,16320539.0,25901586432.0,0.1,1.12,297.872,2.92,32.699,10.69,8.93,,178.916,2.92,32.699,0.0,0.0,5.88,65.845,368.248,6.01,67.301,0.0,0.0,0.0,0.0,0.1,0.0,6.127,0.0,1.12,0.0,547.163,368.248,6.01,67.301,0.03,0.336,0.0,0.0
